{"name":"Cairo-Bold","type":"TTF","desc":{"CapHeight":680,"XHeight":500,"FontBBox":"[-224 -457 1803 1165]","Flags":262148,"Ascent":1303,"Descent":-571,"Leading":0,"ItalicAngle":0,"StemV":165,"MissingWidth":235},"unitsPerEm":1000,"up":-75,"ut":50,"strp":300,"strs":50,"ttffile":"E:\\ahmed saadon new project\\sales\\resources\/fonts\/Cairo-Bold.ttf","TTCfontID":0,"originalsize":114716,"sip":false,"smp":false,"BMPselected":false,"fontkey":"cairoB","panose":" 0 0 0 0 8 0 0 0 0 0 0 0","haskerninfo":false,"haskernGPOS":true,"hassmallcapsGSUB":false,"fontmetrics":"win","useOTL":255,"rtlPUAstr":"\\x{0E002}\\x{0E003}\\x{0E005}\\x{0E009}-\\x{0E00C}\\x{0E00E}-\\x{0E02F}\\x{0E031}\\x{0E032}\\x{0E034}\\x{0E036}\\x{0E042}-\\x{0E057}\\x{0E074}-\\x{0E081}","GSUBScriptLang":{"DFLT":"DFLT ","arab":"DFLT URD  ","latn":"DFLT MOL  ROM  "},"GSUBFeatures":{"DFLT":{"DFLT":{"aalt":[0,1],"ccmp":[2],"subs":[6],"sups":[7],"numr":[8],"dnom":[9],"frac":[10,11,12],"ordn":[13],"init":[14],"medi":[15],"fina":[16],"rlig":[17]}},"arab":{"DFLT":{"aalt":[0,1],"ccmp":[2],"subs":[6],"sups":[7],"numr":[8],"dnom":[9],"frac":[10,11,12],"ordn":[13],"init":[14],"medi":[15],"fina":[16],"rlig":[17]},"URD ":{"aalt":[0,1],"ccmp":[2],"locl":[5],"subs":[6],"sups":[7],"numr":[8],"dnom":[9],"frac":[10,11,12],"ordn":[13],"init":[14],"medi":[15],"fina":[16],"rlig":[17]}},"latn":{"DFLT":{"aalt":[0,1],"ccmp":[2],"subs":[6],"sups":[7],"numr":[8],"dnom":[9],"frac":[10,11,12],"ordn":[13],"init":[14],"medi":[15],"fina":[16],"rlig":[17]},"MOL ":{"aalt":[0,1],"ccmp":[2],"locl":[4],"subs":[6],"sups":[7],"numr":[8],"dnom":[9],"frac":[10,11,12],"ordn":[13],"init":[14],"medi":[15],"fina":[16],"rlig":[17]},"ROM ":{"aalt":[0,1],"ccmp":[2],"locl":[3],"subs":[6],"sups":[7],"numr":[8],"dnom":[9],"frac":[10,11,12],"ordn":[13],"init":[14],"medi":[15],"fina":[16],"rlig":[17]}}},"GSUBLookups":[{"Type":1,"Flag":0,"SubtableCount":1,"Subtables":[23372],"MarkFilteringSet":""},{"Type":3,"Flag":0,"SubtableCount":1,"Subtables":[23524],"MarkFilteringSet":""},{"Type":4,"Flag":0,"SubtableCount":1,"Subtables":[21732],"MarkFilteringSet":""},{"Type":1,"Flag":0,"SubtableCount":1,"Subtables":[22006],"MarkFilteringSet":""},{"Type":1,"Flag":0,"SubtableCount":1,"Subtables":[22020],"MarkFilteringSet":""},{"Type":1,"Flag":0,"SubtableCount":1,"Subtables":[22034],"MarkFilteringSet":""},{"Type":1,"Flag":0,"SubtableCount":1,"Subtables":[22046],"MarkFilteringSet":""},{"Type":1,"Flag":0,"SubtableCount":1,"Subtables":[22052],"MarkFilteringSet":""},{"Type":1,"Flag":0,"SubtableCount":1,"Subtables":[22058],"MarkFilteringSet":""},{"Type":1,"Flag":0,"SubtableCount":1,"Subtables":[22064],"MarkFilteringSet":""},{"Type":1,"Flag":0,"SubtableCount":1,"Subtables":[22070],"MarkFilteringSet":""},{"Type":1,"Flag":0,"SubtableCount":1,"Subtables":[22076],"MarkFilteringSet":""},{"Type":6,"Flag":0,"SubtableCount":2,"Subtables":[22082,22100],"MarkFilteringSet":""},{"Type":6,"Flag":0,"SubtableCount":2,"Subtables":[22118,22136],"MarkFilteringSet":""},{"Type":1,"Flag":0,"SubtableCount":1,"Subtables":[22154],"MarkFilteringSet":""},{"Type":1,"Flag":0,"SubtableCount":1,"Subtables":[22228],"MarkFilteringSet":""},{"Type":1,"Flag":0,"SubtableCount":1,"Subtables":[22302],"MarkFilteringSet":""},{"Type":4,"Flag":9,"SubtableCount":1,"Subtables":[22478],"MarkFilteringSet":""},{"Type":1,"Flag":0,"SubtableCount":1,"Subtables":[23990],"MarkFilteringSet":""}],"GPOSScriptLang":{"DFLT":"DFLT ","arab":"DFLT URD  ","latn":"DFLT MOL  ROM  "},"GPOSFeatures":{"DFLT":{"DFLT":{"kern":[0,1,2],"mark":[3,4],"mkmk":[5,6]}},"arab":{"DFLT":{"kern":[0,1,2],"mark":[3,4],"mkmk":[5,6]},"URD ":{"kern":[0,1,2],"mark":[3,4],"mkmk":[5,6]}},"latn":{"DFLT":{"kern":[0,1,2],"mark":[3,4],"mkmk":[5,6]},"MOL ":{"kern":[0,1,2],"mark":[3,4],"mkmk":[5,6]},"ROM ":{"kern":[0,1,2],"mark":[3,4],"mkmk":[5,6]}}},"GPOSLookups":[{"Type":2,"Flag":8,"SubtableCount":4,"Subtables":[1986,2432,2700,2722],"MarkFilteringSet":""},{"Type":2,"Flag":8,"SubtableCount":5,"Subtables":[2762,5616,8116,10156,11668],"MarkFilteringSet":""},{"Type":2,"Flag":9,"SubtableCount":2,"Subtables":[11744,11762],"MarkFilteringSet":""},{"Type":4,"Flag":0,"SubtableCount":1,"Subtables":[12436],"MarkFilteringSet":""},{"Type":5,"Flag":0,"SubtableCount":1,"Subtables":[14790],"MarkFilteringSet":""},{"Type":6,"Flag":257,"SubtableCount":1,"Subtables":[16776],"MarkFilteringSet":""},{"Type":6,"Flag":513,"SubtableCount":1,"Subtables":[16980],"MarkFilteringSet":""}],"kerninfo":[]}