{"name":"Cairo-Regular","type":"TTF","desc":{"CapHeight":692,"XHeight":500,"FontBBox":"[-224 -388 1660 1083]","Flags":4,"Ascent":1303,"Descent":-571,"Leading":0,"ItalicAngle":0,"StemV":87,"MissingWidth":235},"unitsPerEm":1000,"up":-75,"ut":50,"strp":300,"strs":50,"ttffile":"E:\\ahmed saadon new project\\sales\\resources\/fonts\/Cairo-Regular.ttf","TTCfontID":0,"originalsize":114304,"sip":false,"smp":false,"BMPselected":false,"fontkey":"cairo","panose":" 0 0 0 0 5 0 0 0 0 0 0 0","haskerninfo":false,"haskernGPOS":true,"hassmallcapsGSUB":false,"fontmetrics":"win","useOTL":255,"rtlPUAstr":"\\x{0E002}\\x{0E003}\\x{0E005}\\x{0E009}-\\x{0E00C}\\x{0E00E}-\\x{0E02F}\\x{0E031}\\x{0E032}\\x{0E034}\\x{0E036}\\x{0E042}-\\x{0E057}\\x{0E074}-\\x{0E081}","GSUBScriptLang":{"DFLT":"DFLT ","arab":"DFLT URD  ","latn":"DFLT MOL  ROM  "},"GSUBFeatures":{"DFLT":{"DFLT":{"aalt":[0,1],"ccmp":[2],"subs":[6],"sups":[7],"numr":[8],"dnom":[9],"frac":[10,11,12],"ordn":[13],"init":[14],"medi":[15],"fina":[16],"rlig":[17]}},"arab":{"DFLT":{"aalt":[0,1],"ccmp":[2],"subs":[6],"sups":[7],"numr":[8],"dnom":[9],"frac":[10,11,12],"ordn":[13],"init":[14],"medi":[15],"fina":[16],"rlig":[17]},"URD ":{"aalt":[0,1],"ccmp":[2],"locl":[5],"subs":[6],"sups":[7],"numr":[8],"dnom":[9],"frac":[10,11,12],"ordn":[13],"init":[14],"medi":[15],"fina":[16],"rlig":[17]}},"latn":{"DFLT":{"aalt":[0,1],"ccmp":[2],"subs":[6],"sups":[7],"numr":[8],"dnom":[9],"frac":[10,11,12],"ordn":[13],"init":[14],"medi":[15],"fina":[16],"rlig":[17]},"MOL ":{"aalt":[0,1],"ccmp":[2],"locl":[4],"subs":[6],"sups":[7],"numr":[8],"dnom":[9],"frac":[10,11,12],"ordn":[13],"init":[14],"medi":[15],"fina":[16],"rlig":[17]},"ROM ":{"aalt":[0,1],"ccmp":[2],"locl":[3],"subs":[6],"sups":[7],"numr":[8],"dnom":[9],"frac":[10,11,12],"ordn":[13],"init":[14],"medi":[15],"fina":[16],"rlig":[17]}}},"GSUBLookups":[{"Type":1,"Flag":0,"SubtableCount":1,"Subtables":[24244],"MarkFilteringSet":""},{"Type":3,"Flag":0,"SubtableCount":1,"Subtables":[24396],"MarkFilteringSet":""},{"Type":4,"Flag":0,"SubtableCount":1,"Subtables":[22604],"MarkFilteringSet":""},{"Type":1,"Flag":0,"SubtableCount":1,"Subtables":[22878],"MarkFilteringSet":""},{"Type":1,"Flag":0,"SubtableCount":1,"Subtables":[22892],"MarkFilteringSet":""},{"Type":1,"Flag":0,"SubtableCount":1,"Subtables":[22906],"MarkFilteringSet":""},{"Type":1,"Flag":0,"SubtableCount":1,"Subtables":[22918],"MarkFilteringSet":""},{"Type":1,"Flag":0,"SubtableCount":1,"Subtables":[22924],"MarkFilteringSet":""},{"Type":1,"Flag":0,"SubtableCount":1,"Subtables":[22930],"MarkFilteringSet":""},{"Type":1,"Flag":0,"SubtableCount":1,"Subtables":[22936],"MarkFilteringSet":""},{"Type":1,"Flag":0,"SubtableCount":1,"Subtables":[22942],"MarkFilteringSet":""},{"Type":1,"Flag":0,"SubtableCount":1,"Subtables":[22948],"MarkFilteringSet":""},{"Type":6,"Flag":0,"SubtableCount":2,"Subtables":[22954,22972],"MarkFilteringSet":""},{"Type":6,"Flag":0,"SubtableCount":2,"Subtables":[22990,23008],"MarkFilteringSet":""},{"Type":1,"Flag":0,"SubtableCount":1,"Subtables":[23026],"MarkFilteringSet":""},{"Type":1,"Flag":0,"SubtableCount":1,"Subtables":[23100],"MarkFilteringSet":""},{"Type":1,"Flag":0,"SubtableCount":1,"Subtables":[23174],"MarkFilteringSet":""},{"Type":4,"Flag":9,"SubtableCount":1,"Subtables":[23350],"MarkFilteringSet":""},{"Type":1,"Flag":0,"SubtableCount":1,"Subtables":[24862],"MarkFilteringSet":""}],"GPOSScriptLang":{"DFLT":"DFLT ","arab":"DFLT URD  ","latn":"DFLT MOL  ROM  "},"GPOSFeatures":{"DFLT":{"DFLT":{"kern":[0,1,2],"mark":[3,4],"mkmk":[5,6]}},"arab":{"DFLT":{"kern":[0,1,2],"mark":[3,4],"mkmk":[5,6]},"URD ":{"kern":[0,1,2],"mark":[3,4],"mkmk":[5,6]}},"latn":{"DFLT":{"kern":[0,1,2],"mark":[3,4],"mkmk":[5,6]},"MOL ":{"kern":[0,1,2],"mark":[3,4],"mkmk":[5,6]},"ROM ":{"kern":[0,1,2],"mark":[3,4],"mkmk":[5,6]}}},"GPOSLookups":[{"Type":2,"Flag":8,"SubtableCount":4,"Subtables":[1986,2432,2768,2790],"MarkFilteringSet":""},{"Type":2,"Flag":8,"SubtableCount":5,"Subtables":[2862,5716,8308,10774,12286],"MarkFilteringSet":""},{"Type":2,"Flag":9,"SubtableCount":2,"Subtables":[12432,12450],"MarkFilteringSet":""},{"Type":4,"Flag":0,"SubtableCount":1,"Subtables":[13124],"MarkFilteringSet":""},{"Type":5,"Flag":0,"SubtableCount":1,"Subtables":[15484],"MarkFilteringSet":""},{"Type":6,"Flag":257,"SubtableCount":1,"Subtables":[17452],"MarkFilteringSet":""},{"Type":6,"Flag":513,"SubtableCount":1,"Subtables":[17656],"MarkFilteringSet":""}],"kerninfo":[]}